priorityTier,priorityScore,priorityReasons,playerId,playerName,position,team,season,source,sourceLabel,nflDraftRound,nflDraftPick,nflDraftOverall,nflDraftTeam,college,collegeConference,collegeGames,collegePassingAttempts,collegeCompletions,collegePassingYards,collegePassingTouchdowns,collegeInterceptions,collegeRushingAttempts,collegeRushingYards,collegeRushingTouchdowns,collegeTargets,collegeReceptions,collegeReceivingYards,collegeReceivingTouchdowns,collegeSoloTackles,collegeAssistedTackles,collegeTotalTackles,collegeTacklesForLoss,collegeSacks,collegeInterceptionsDef,collegePassesDefended,collegeForcedFumbles,collegeFumbleRecoveries,landingSpotRole,opportunityNotes
high,59,"RB is scarce or format-sensitive in the active league context. | Current rookie projection trust is very low because key rookie inputs are missing. | Missing nflDraftRound/nflDraftOverall, college production, landingSpotRole.",f51932b4-fd98-4c6c-867e-3430fefd190c,Adam Randall,RB,BAL,2026,manual,rookie-enrichment,,,,BAL,Clemson,,,,,,,,,,,,,,,,,,,,,,,,,
high,59,"RB is scarce or format-sensitive in the active league context. | Current rookie projection trust is very low because key rookie inputs are missing. | Missing nflDraftRound/nflDraftOverall, college production, landingSpotRole.",814fee31-8a82-4cd5-aefe-348459d972da,Al-Jay Henderson,RB,,2026,manual,rookie-enrichment,,,,,Buffalo,,,,,,,,,,,,,,,,,,,,,,,,,
high,59,"RB is scarce or format-sensitive in the active league context. | Current rookie projection trust is very low because key rookie inputs are missing. | Missing nflDraftRound/nflDraftOverall, college production, landingSpotRole.",0da51590-3c6a-4cf4-b513-fdfb77be179e,Anderson Castle,RB,IND,2026,manual,rookie-enrichment,,,,IND,Duke,,,,,,,,,,,,,,,,,,,,,,,,,
high,59,"RB is scarce or format-sensitive in the active league context. | Current rookie projection trust is very low because key rookie inputs are missing. | Missing nflDraftRound/nflDraftOverall, college production, landingSpotRole.",0c6da4f8-b2bc-4c1d-b945-cb2781016595,Anthony Hankerson,RB,MIA,2026,manual,rookie-enrichment,,,,MIA,Oregon State,,,,,,,,,,,,,,,,,,,,,,,,,
high,59,"RB is scarce or format-sensitive in the active league context. | Current rookie projection trust is very low because key rookie inputs are missing. | Missing nflDraftRound/nflDraftOverall, college production, landingSpotRole.",ddf8e376-b621-4aa6-82f7-a3813733f87c,Cash Jones,RB,ATL,2026,manual,rookie-enrichment,,,,ATL,Georgia,,,,,,,,,,,,,,,,,,,,,,,,,
high,59,"RB is scarce or format-sensitive in the active league context. | Current rookie projection trust is very low because key rookie inputs are missing. | Missing nflDraftRound/nflDraftOverall, college production, landingSpotRole.",0012dbf3-0c0b-40f5-bf33-0888fc5d302f,CJ Donaldson,RB,NO,2026,manual,rookie-enrichment,,,,NO,Ohio State,,,,,,,,,,,,,,,,,,,,,,,,,
high,59,"RB is scarce or format-sensitive in the active league context. | Current rookie projection trust is very low because key rookie inputs are missing. | Missing nflDraftRound/nflDraftOverall, college production, landingSpotRole.",95e594c1-c7c0-46ad-a390-cfae5d4f2c49,Coleman Bennett,RB,CHI,2026,manual,rookie-enrichment,,,,CHI,Kennesaw State,,,,,,,,,,,,,,,,,,,,,,,,,
high,59,"RB is scarce or format-sensitive in the active league context. | Current rookie projection trust is very low because key rookie inputs are missing. | Missing nflDraftRound/nflDraftOverall, college production, landingSpotRole.",5518e397-fcd0-484f-bf2d-9ccb13738f53,Damon Bankston,RB,NYG,2026,manual,rookie-enrichment,,,,NYG,New Mexico,,,,,,,,,,,,,,,,,,,,,,,,,
high,59,"RB is scarce or format-sensitive in the active league context. | Current rookie projection trust is very low because key rookie inputs are missing. | Missing nflDraftRound/nflDraftOverall, college production, landingSpotRole.",5ba496a0-b826-4792-a51d-feadef67a6a2,Davon Booth,RB,CLE,2026,manual,rookie-enrichment,,,,CLE,Mississippi State,,,,,,,,,,,,,,,,,,,,,,,,,
high,59,"RB is scarce or format-sensitive in the active league context. | Current rookie projection trust is very low because key rookie inputs are missing. | Missing nflDraftRound/nflDraftOverall, college production, landingSpotRole.",cda08b04-8004-43ea-8626-8df7f060a2a7,DeaMonte Trayanum,RB,NYJ,2026,manual,rookie-enrichment,,,,NYJ,Toledo,,,,,,,,,,,,,,,,,,,,,,,,,
high,59,"RB is scarce or format-sensitive in the active league context. | Current rookie projection trust is very low because key rookie inputs are missing. | Missing nflDraftRound/nflDraftOverall, college production, landingSpotRole.",78e9a3cf-960e-4bed-a5ff-37f53722dd0a,Dean Connors,RB,LAR,2026,manual,rookie-enrichment,,,,LAR,Houston,,,,,,,,,,,,,,,,,,,,,,,,,
high,59,"RB is scarce or format-sensitive in the active league context. | Current rookie projection trust is very low because key rookie inputs are missing. | Missing nflDraftRound/nflDraftOverall, college production, landingSpotRole.",eec9ae92-e768-46d7-a836-2d09d495697e,Demond Claiborne,RB,MIN,2026,manual,rookie-enrichment,,,,MIN,Wake Forest,,,,,,,,,,,,,,,,,,,,,,,,,
high,59,"RB is scarce or format-sensitive in the active league context. | Current rookie projection trust is very low because key rookie inputs are missing. | Missing nflDraftRound/nflDraftOverall, college production, landingSpotRole.",3e8f28e9-bb4c-4e26-8926-8399e8635ac3,Desmond Reid,RB,BUF,2026,manual,rookie-enrichment,,,,BUF,Pittsburgh,,,,,,,,,,,,,,,,,,,,,,,,,
high,59,"RB is scarce or format-sensitive in the active league context. | Current rookie projection trust is very low because key rookie inputs are missing. | Missing nflDraftRound/nflDraftOverall, college production, landingSpotRole.",855df447-f661-48cb-8616-e8597bcc58fe,Dominic Richardson,RB,DAL,2026,manual,rookie-enrichment,,,,DAL,Tulsa,,,,,,,,,,,,,,,,,,,,,,,,,
high,59,"RB is scarce or format-sensitive in the active league context. | Current rookie projection trust is very low because key rookie inputs are missing. | Missing nflDraftRound/nflDraftOverall, college production, landingSpotRole.",28295229-fe92-4021-acb3-6642131e2c69,Dontae McMillan,RB,BAL,2026,manual,rookie-enrichment,,,,BAL,Eastern Michigan,,,,,,,,,,,,,,,,,,,,,,,,,
high,59,"RB is scarce or format-sensitive in the active league context. | Current rookie projection trust is very low because key rookie inputs are missing. | Missing nflDraftRound/nflDraftOverall, college production, landingSpotRole.",8209f50c-3efd-49d0-bc23-2f6c552c9951,Dylan Devezin,RB,,2026,manual,rookie-enrichment,,,,,,,,,,,,,,,,,,,,,,,,,,,,,,
high,59,"RB is scarce or format-sensitive in the active league context. | Current rookie projection trust is very low because key rookie inputs are missing. | Missing nflDraftRound/nflDraftOverall, college production, landingSpotRole.",488445d7-66eb-4fde-a001-a4bc75ed31fc,EJ Smith,RB,KC,2026,manual,rookie-enrichment,,,,KC,Texas A&M,,,,,,,,,,,,,,,,,,,,,,,,,
high,59,"RB is scarce or format-sensitive in the active league context. | Current rookie projection trust is very low because key rookie inputs are missing. | Missing nflDraftRound/nflDraftOverall, college production, landingSpotRole.",5d7d80cd-deb5-464b-adc8-41429921a756,Eli Heidenreich,RB,PIT,2026,manual,rookie-enrichment,,,,PIT,Navy,,,,,,,,,,,,,,,,,,,,,,,,,
high,59,"RB is scarce or format-sensitive in the active league context. | Current rookie projection trust is very low because key rookie inputs are missing. | Missing nflDraftRound/nflDraftOverall, college production, landingSpotRole.",d14803c1-99ce-45e5-a974-ad09e3a080ab,Elijah Tau-Tolliver,RB,BAL,2026,manual,rookie-enrichment,,,,BAL,Michigan State,,,,,,,,,,,,,,,,,,,,,,,,,
high,59,"RB is scarce or format-sensitive in the active league context. | Current rookie projection trust is very low because key rookie inputs are missing. | Missing nflDraftRound/nflDraftOverall, college production, landingSpotRole.",d40da0ee-fc10-44d4-9629-c4f786f501fe,Emmett Johnson,RB,KC,2026,manual,rookie-enrichment,,,,KC,Nebraska,,,,,,,,,,,,,,,,,,,,,,,,,
high,59,"RB is scarce or format-sensitive in the active league context. | Current rookie projection trust is very low because key rookie inputs are missing. | Missing nflDraftRound/nflDraftOverall, college production, landingSpotRole.",bed48b7e-1249-450f-b4d6-8c3dbb7ee8d0,Gregory Desrosiers,RB,LAC,2026,manual,rookie-enrichment,,,,LAC,Memphis,,,,,,,,,,,,,,,,,,,,,,,,,
high,59,"RB is scarce or format-sensitive in the active league context. | Current rookie projection trust is very low because key rookie inputs are missing. | Missing nflDraftRound/nflDraftOverall, college production, landingSpotRole.",8fd30d2a-099a-4d96-abf7-98082cff3060,Hollywood Smothers,RB,,2026,manual,rookie-enrichment,,,,,,,,,,,,,,,,,,,,,,,,,,,,,,
high,59,"RB is scarce or format-sensitive in the active league context. | Current rookie projection trust is very low because key rookie inputs are missing. | Missing nflDraftRound/nflDraftOverall, college production, landingSpotRole.",3ec3a1b5-dddf-467d-9db9-2ece294bb32d,Isaiah Jacobs,RB,,2026,manual,rookie-enrichment,,,,,UAB,,,,,,,,,,,,,,,,,,,,,,,,,
high,59,"RB is scarce or format-sensitive in the active league context. | Current rookie projection trust is very low because key rookie inputs are missing. | Missing nflDraftRound/nflDraftOverall, college production, landingSpotRole.",8268c4c9-3d64-4574-abbf-fd702c2c515e,J'Mari Taylor,RB,JAX,2026,manual,rookie-enrichment,,,,JAX,Virginia,,,,,,,,,,,,,,,,,,,,,,,,,
high,59,"RB is scarce or format-sensitive in the active league context. | Current rookie projection trust is very low because key rookie inputs are missing. | Missing nflDraftRound/nflDraftOverall, college production, landingSpotRole.",ade2c033-f9d9-41cf-b277-acc3a7da7473,Jackson Acker,RB,BUF,2026,manual,rookie-enrichment,,,,BUF,Wisconsin,,,,,,,,,,,,,,,,,,,,,,,,,
high,59,"RB is scarce or format-sensitive in the active league context. | Current rookie projection trust is very low because key rookie inputs are missing. | Missing nflDraftRound/nflDraftOverall, college production, landingSpotRole.",1db25de0-f231-4d4d-b3fe-fa41ebf3fb92,Jadarian Price,RB,SEA,2026,manual,rookie-enrichment,,,,SEA,Notre Dame,,,,,,,,,,,,,,,,,,,,,,,,,
high,59,"RB is scarce or format-sensitive in the active league context. | Current rookie projection trust is very low because key rookie inputs are missing. | Missing nflDraftRound/nflDraftOverall, college production, landingSpotRole.",ee9d22a3-6159-4638-9af2-f1ce4c447ca9,Jaden Nixon,RB,GB,2026,manual,rookie-enrichment,,,,GB,UCF,,,,,,,,,,,,,,,,,,,,,,,,,
high,59,"RB is scarce or format-sensitive in the active league context. | Current rookie projection trust is very low because key rookie inputs are missing. | Missing nflDraftRound/nflDraftOverall, college production, landingSpotRole.",ada98683-940b-40b9-8a35-470f63818a74,Jam Miller,RB,NE,2026,manual,rookie-enrichment,,,,NE,Alabama,,,,,,,,,,,,,,,,,,,,,,,,,
high,59,"RB is scarce or format-sensitive in the active league context. | Current rookie projection trust is very low because key rookie inputs are missing. | Missing nflDraftRound/nflDraftOverall, college production, landingSpotRole.",20d316ae-6f9f-4112-8c35-9bd834c59cd8,Jamal Haynes,RB,CIN,2026,manual,rookie-enrichment,,,,CIN,Georgia Tech,,,,,,,,,,,,,,,,,,,,,,,,,
high,59,"RB is scarce or format-sensitive in the active league context. | Current rookie projection trust is very low because key rookie inputs are missing. | Missing nflDraftRound/nflDraftOverall, college production, landingSpotRole.",13545b3d-8b74-4e4f-8981-27cbb0929ad2,Jaydn Ott,RB,KC,2026,manual,rookie-enrichment,,,,KC,Oklahoma,,,,,,,,,,,,,,,,,,,,,,,,,
high,59,"RB is scarce or format-sensitive in the active league context. | Current rookie projection trust is very low because key rookie inputs are missing. | Missing nflDraftRound/nflDraftOverall, college production, landingSpotRole.",24621c8f-d6e8-4589-bcf7-12aaabaa54a0,Jeremiyah Love,RB,ARI,2026,manual,rookie-enrichment,,,,ARI,Notre Dame,,,,,,,,,,,,,,,,,,,,,,,,,
high,59,"RB is scarce or format-sensitive in the active league context. | Current rookie projection trust is very low because key rookie inputs are missing. | Missing nflDraftRound/nflDraftOverall, college production, landingSpotRole.",515b06d2-c8e6-432e-9f3f-cd0f5445f6f9,Jonah Coleman,RB,DEN,2026,manual,rookie-enrichment,,,,DEN,Washington,,,,,,,,,,,,,,,,,,,,,,,,,
high,59,"RB is scarce or format-sensitive in the active league context. | Current rookie projection trust is very low because key rookie inputs are missing. | Missing nflDraftRound/nflDraftOverall, college production, landingSpotRole.",91c6022f-42bd-4ca6-a287-ef9120340781,Jordan Nubin,RB,,2026,manual,rookie-enrichment,,,,,Kent State,,,,,,,,,,,,,,,,,,,,,,,,,
high,59,"RB is scarce or format-sensitive in the active league context. | Current rookie projection trust is very low because key rookie inputs are missing. | Missing nflDraftRound/nflDraftOverall, college production, landingSpotRole.",d49e2626-3b2d-44d0-bdbf-84794901bcf6,Jordon Vaughn,RB,,2026,manual,rookie-enrichment,,,,,Abilene Christian,,,,,,,,,,,,,,,,,,,,,,,,,
high,59,"RB is scarce or format-sensitive in the active league context. | Current rookie projection trust is very low because key rookie inputs are missing. | Missing nflDraftRound/nflDraftOverall, college production, landingSpotRole.",c30e3c8b-f378-445d-a0d3-831e392c3de7,Josh Pitsenburger,RB,,2026,manual,rookie-enrichment,,,,,Yale,,,,,,,,,,,,,,,,,,,,,,,,,
high,59,"RB is scarce or format-sensitive in the active league context. | Current rookie projection trust is very low because key rookie inputs are missing. | Missing nflDraftRound/nflDraftOverall, college production, landingSpotRole.",67855965-b4d9-4cfa-b8c1-8d5c3ea2ff7b,Joshua Pitsenberger,RB,HOU,2026,manual,rookie-enrichment,,,,HOU,Yale,,,,,,,,,,,,,,,,,,,,,,,,,
high,59,"RB is scarce or format-sensitive in the active league context. | Current rookie projection trust is very low because key rookie inputs are missing. | Missing nflDraftRound/nflDraftOverall, college production, landingSpotRole.",98d7938e-b564-4dd9-8025-66392d9c416c,Julius Davis,RB,,2026,manual,rookie-enrichment,,,,,Montana State,,,,,,,,,,,,,,,,,,,,,,,,,
high,59,"RB is scarce or format-sensitive in the active league context. | Current rookie projection trust is very low because key rookie inputs are missing. | Missing nflDraftRound/nflDraftOverall, college production, landingSpotRole.",796ef321-6931-4a42-b71e-0a1089afa8a2,Kadarius Calloway,RB,TB,2026,manual,rookie-enrichment,,,,TB,New Mexico State,,,,,,,,,,,,,,,,,,,,,,,,,
high,59,"RB is scarce or format-sensitive in the active league context. | Current rookie projection trust is very low because key rookie inputs are missing. | Missing nflDraftRound/nflDraftOverall, college production, landingSpotRole.",0817f822-ca83-499e-83b0-fef7449c5dc3,Kaelon Black,RB,SF,2026,manual,rookie-enrichment,,,,SF,Indiana,,,,,,,,,,,,,,,,,,,,,,,,,
high,59,"RB is scarce or format-sensitive in the active league context. | Current rookie projection trust is very low because key rookie inputs are missing. | Missing nflDraftRound/nflDraftOverall, college production, landingSpotRole.",35f3efec-e982-4022-881a-7390152e8b97,Kaytron Allen,RB,WAS,2026,manual,rookie-enrichment,,,,WAS,Penn State,,,,,,,,,,,,,,,,,,,,,,,,,
high,59,"RB is scarce or format-sensitive in the active league context. | Current rookie projection trust is very low because key rookie inputs are missing. | Missing nflDraftRound/nflDraftOverall, college production, landingSpotRole.",ebe2c4a7-089a-43c1-9ad8-cfe64c219fd6,Kejon Owens,RB,MIN,2026,manual,rookie-enrichment,,,,MIN,Florida International,,,,,,,,,,,,,,,,,,,,,,,,,
high,59,"RB is scarce or format-sensitive in the active league context. | Current rookie projection trust is very low because key rookie inputs are missing. | Missing nflDraftRound/nflDraftOverall, college production, landingSpotRole.",181b4468-0cc7-421d-ba83-791fe20d4a5e,Kentrel Bullock,RB,CIN,2026,manual,rookie-enrichment,,,,CIN,South Alabama,,,,,,,,,,,,,,,,,,,,,,,,,
high,59,"RB is scarce or format-sensitive in the active league context. | Current rookie projection trust is very low because key rookie inputs are missing. | Missing nflDraftRound/nflDraftOverall, college production, landingSpotRole.",0c55d223-944b-4612-8a15-395d09e22f89,Kevorian Barnes,RB,,2026,manual,rookie-enrichment,,,,,TCU,,,,,,,,,,,,,,,,,,,,,,,,,
high,59,"RB is scarce or format-sensitive in the active league context. | Current rookie projection trust is very low because key rookie inputs are missing. | Missing nflDraftRound/nflDraftOverall, college production, landingSpotRole.",9c90d87e-fd35-470b-989a-1a6963f910d8,Le'Veon Moss,RB,,2026,manual,rookie-enrichment,,,,,,,,,,,,,,,,,,,,,,,,,,,,,,
high,59,"RB is scarce or format-sensitive in the active league context. | Current rookie projection trust is very low because key rookie inputs are missing. | Missing nflDraftRound/nflDraftOverall, college production, landingSpotRole.",a004774b-03e1-4061-b8cd-690aaa7ea6d6,Lincoln Pare,RB,IND,2026,manual,rookie-enrichment,,,,IND,Texas State,,,,,,,,,,,,,,,,,,,,,,,,,
high,59,"RB is scarce or format-sensitive in the active league context. | Current rookie projection trust is very low because key rookie inputs are missing. | Missing nflDraftRound/nflDraftOverall, college production, landingSpotRole.",652f94bf-2e79-4261-b2b9-e4a7b23bcc36,Mark Fletcher,RB,,2026,manual,rookie-enrichment,,,,,,,,,,,,,,,,,,,,,,,,,,,,,,
high,59,"RB is scarce or format-sensitive in the active league context. | Current rookie projection trust is very low because key rookie inputs are missing. | Missing nflDraftRound/nflDraftOverall, college production, landingSpotRole.",a338f785-accb-4264-8148-b3738f48d57c,Mike Washington,RB,LV,2026,manual,rookie-enrichment,,,,LV,Arkansas,,,,,,,,,,,,,,,,,,,,,,,,,
high,59,"RB is scarce or format-sensitive in the active league context. | Current rookie projection trust is very low because key rookie inputs are missing. | Missing nflDraftRound/nflDraftOverall, college production, landingSpotRole.",884a29c4-5ee9-4e79-85fb-4847d0bf5eb0,Miles Davis,RB,CAR,2026,manual,rookie-enrichment,,,,CAR,Utah State,,,,,,,,,,,,,,,,,,,,,,,,,
high,59,"RB is scarce or format-sensitive in the active league context. | Current rookie projection trust is very low because key rookie inputs are missing. | Missing nflDraftRound/nflDraftOverall, college production, landingSpotRole.",fb05090b-fa0d-4083-884a-2cc9cc6baa0c,Myles Montgomery,RB,NE,2026,manual,rookie-enrichment,,,,NE,UCF,,,,,,,,,,,,,,,,,,,,,,,,,
high,59,"RB is scarce or format-sensitive in the active league context. | Current rookie projection trust is very low because key rookie inputs are missing. | Missing nflDraftRound/nflDraftOverall, college production, landingSpotRole.",ad8da972-1fce-48d2-b4b8-8c72d73dfae0,Nicholas Singleton,RB,TEN,2026,manual,rookie-enrichment,,,,TEN,Penn State,,,,,,,,,,,,,,,,,,,,,,,,,
high,59,"RB is scarce or format-sensitive in the active league context. | Current rookie projection trust is very low because key rookie inputs are missing. | Missing nflDraftRound/nflDraftOverall, college production, landingSpotRole.",fa91c9a7-e4f0-43d9-a21b-568eede28f33,Noah Whittington,RB,HOU,2026,manual,rookie-enrichment,,,,HOU,Oregon,,,,,,,,,,,,,,,,,,,,,,,,,
high,59,"RB is scarce or format-sensitive in the active league context. | Current rookie projection trust is very low because key rookie inputs are missing. | Missing nflDraftRound/nflDraftOverall, college production, landingSpotRole.",5235c1cb-eacf-461b-b4d5-6d853d783188,Rahsul Faison,RB,,2026,manual,rookie-enrichment,,,,,,,,,,,,,,,,,,,,,,,,,,,,,,
high,59,"RB is scarce or format-sensitive in the active league context. | Current rookie projection trust is very low because key rookie inputs are missing. | Missing nflDraftRound/nflDraftOverall, college production, landingSpotRole.",28f86e27-5e32-46d0-aee7-76bf9d46a9a3,Robert Henry,RB,WAS,2026,manual,rookie-enrichment,,,,WAS,UTSA,,,,,,,,,,,,,,,,,,,,,,,,,
high,59,"RB is scarce or format-sensitive in the active league context. | Current rookie projection trust is very low because key rookie inputs are missing. | Missing nflDraftRound/nflDraftOverall, college production, landingSpotRole.",e3812734-7694-40cf-9ecf-a664e0136119,Rodney Hammond,RB,DEN,2026,manual,rookie-enrichment,,,,DEN,Sacramento State,,,,,,,,,,,,,,,,,,,,,,,,,
high,59,"RB is scarce or format-sensitive in the active league context. | Current rookie projection trust is very low because key rookie inputs are missing. | Missing nflDraftRound/nflDraftOverall, college production, landingSpotRole.",ec2a0e7f-6190-4932-902e-f727c81b2b44,Roman Hemby,RB,LV,2026,manual,rookie-enrichment,,,,LV,Indiana,,,,,,,,,,,,,,,,,,,,,,,,,
high,59,"RB is scarce or format-sensitive in the active league context. | Current rookie projection trust is very low because key rookie inputs are missing. | Missing nflDraftRound/nflDraftOverall, college production, landingSpotRole.",d8bef032-6348-4fd7-9bab-fd23d06a9690,Sam Scott,RB,NYJ,2026,manual,rookie-enrichment,,,,NYJ,Wyoming,,,,,,,,,,,,,,,,,,,,,,,,,
high,59,"RB is scarce or format-sensitive in the active league context. | Current rookie projection trust is very low because key rookie inputs are missing. | Missing nflDraftRound/nflDraftOverall, college production, landingSpotRole.",6c146958-b03d-4376-aeed-2eb53bb2ba0a,Seth McGowan,RB,IND,2026,manual,rookie-enrichment,,,,IND,Kentucky,,,,,,,,,,,,,,,,,,,,,,,,,
high,59,"RB is scarce or format-sensitive in the active league context. | Current rookie projection trust is very low because key rookie inputs are missing. | Missing nflDraftRound/nflDraftOverall, college production, landingSpotRole.",561927d6-9f60-47c2-a13e-16501794c65c,Sone Ntoh,RB,,2026,manual,rookie-enrichment,,,,,Monmouth,,,,,,,,,,,,,,,,,,,,,,,,,
high,59,"RB is scarce or format-sensitive in the active league context. | Current rookie projection trust is very low because key rookie inputs are missing. | Missing nflDraftRound/nflDraftOverall, college production, landingSpotRole.",d31179f3-00e2-4e70-96af-b14f0f71a77c,Terion Stewart,RB,KC,2026,manual,rookie-enrichment,,,,KC,Virginia Tech,,,,,,,,,,,,,,,,,,,,,,,,,
high,59,"RB is scarce or format-sensitive in the active league context. | Current rookie projection trust is very low because key rookie inputs are missing. | Missing nflDraftRound/nflDraftOverall, college production, landingSpotRole.",3ba1139c-d8e0-4b5c-b68b-e1decf1997bd,TJ Harden,RB,CLE,2026,manual,rookie-enrichment,,,,CLE,SMU,,,,,,,,,,,,,,,,,,,,,,,,,
high,59,"RB is scarce or format-sensitive in the active league context. | Current rookie projection trust is very low because key rookie inputs are missing. | Missing nflDraftRound/nflDraftOverall, college production, landingSpotRole.",f9afb65a-0539-4275-8109-de49a0ac72b4,Trent Battle,RB,,2026,manual,rookie-enrichment,,,,,,,,,,,,,,,,,,,,,,,,,,,,,,
high,59,"RB is scarce or format-sensitive in the active league context. | Current rookie projection trust is very low because key rookie inputs are missing. | Missing nflDraftRound/nflDraftOverall, college production, landingSpotRole.",416dfb5a-b470-4294-bdac-d01dfadfeb6e,Trent Howland,RB,,2026,manual,rookie-enrichment,,,,,Oklahoma State,,,,,,,,,,,,,,,,,,,,,,,,,
high,58,"WR is scarce or format-sensitive in the active league context. | Current rookie projection trust is very low because key rookie inputs are missing. | Missing nflDraftRound/nflDraftOverall, college production, landingSpotRole.",4df3e0a5-0359-4248-b281-5ae881615d6d,Aaron Anderson,WR,CLE,2026,manual,rookie-enrichment,,,,CLE,LSU,,,,,,,,,,,,,,,,,,,,,,,,,
high,58,"WR is scarce or format-sensitive in the active league context. | Current rookie projection trust is very low because key rookie inputs are missing. | Missing nflDraftRound/nflDraftOverall, college production, landingSpotRole.",8bfcddfc-8968-446e-a1ce-55a8cdeb3232,Alex Bullock,WR,,2026,manual,rookie-enrichment,,,,,South Dakota State,,,,,,,,,,,,,,,,,,,,,,,,,
high,58,"WR is scarce or format-sensitive in the active league context. | Current rookie projection trust is very low because key rookie inputs are missing. | Missing nflDraftRound/nflDraftOverall, college production, landingSpotRole.",28557e08-bd8d-4b2e-bfc1-3db74805fc97,Anas Hasic,WR,,2026,manual,rookie-enrichment,,,,,West Florida,,,,,,,,,,,,,,,,,,,,,,,,,
high,58,"WR is scarce or format-sensitive in the active league context. | Current rookie projection trust is very low because key rookie inputs are missing. | Missing nflDraftRound/nflDraftOverall, college production, landingSpotRole.",92bb82a5-c6a1-4163-842b-dc20165ddde7,Anthony Smith,WR,DAL,2026,manual,rookie-enrichment,,,,DAL,East Carolina,,,,,,,,,,,,,,,,,,,,,,,,,
high,58,"WR is scarce or format-sensitive in the active league context. | Current rookie projection trust is very low because key rookie inputs are missing. | Missing nflDraftRound/nflDraftOverall, college production, landingSpotRole.",be27ee99-545c-44ad-bb27-601496fb049d,Antonio Williams,WR,WAS,2026,manual,rookie-enrichment,,,,WAS,Clemson,,,,,,,,,,,,,,,,,,,,,,,,,
high,58,"WR is scarce or format-sensitive in the active league context. | Current rookie projection trust is very low because key rookie inputs are missing. | Missing nflDraftRound/nflDraftOverall, college production, landingSpotRole.",de859277-f748-4323-b0b3-bd4e420e13db,Barion Brown,WR,NO,2026,manual,rookie-enrichment,,,,NO,LSU,,,,,,,,,,,,,,,,,,,,,,,,,
high,58,"WR is scarce or format-sensitive in the active league context. | Current rookie projection trust is very low because key rookie inputs are missing. | Missing nflDraftRound/nflDraftOverall, college production, landingSpotRole.",ccc55aa0-0e5b-4890-8bca-7040f09554c7,Ben Patterson,WR,JAX,2026,manual,rookie-enrichment,,,,JAX,Texas Permian Basin,,,,,,,,,,,,,,,,,,,,,,,,,
high,58,"WR is scarce or format-sensitive in the active league context. | Current rookie projection trust is very low because key rookie inputs are missing. | Missing nflDraftRound/nflDraftOverall, college production, landingSpotRole.",b8ba2ddb-7ba5-4552-8728-2732df4e4596,Brady Boyd,WR,JAX,2026,manual,rookie-enrichment,,,,JAX,Utah State,,,,,,,,,,,,,,,,,,,,,,,,,
high,58,"WR is scarce or format-sensitive in the active league context. | Current rookie projection trust is very low because key rookie inputs are missing. | Missing nflDraftRound/nflDraftOverall, college production, landingSpotRole.",61831f78-e5d5-4db2-8c21-23f8b1572c8f,Brandon Hayes,WR,,2026,manual,rookie-enrichment,,,,,,,,,,,,,,,,,,,,,,,,,,,,,,
high,58,"WR is scarce or format-sensitive in the active league context. | Current rookie projection trust is very low because key rookie inputs are missing. | Missing nflDraftRound/nflDraftOverall, college production, landingSpotRole.",8581514d-4f5f-46de-9982-1141fe8ff89a,Brenen Thompson,WR,LAC,2026,manual,rookie-enrichment,,,,LAC,Mississippi State,,,,,,,,,,,,,,,,,,,,,,,,,
high,58,"WR is scarce or format-sensitive in the active league context. | Current rookie projection trust is very low because key rookie inputs are missing. | Missing nflDraftRound/nflDraftOverall, college production, landingSpotRole.",6eb6853c-04b6-436d-9834-262d225d7293,Brock Rechsteiner,WR,NO,2026,manual,rookie-enrichment,,,,NO,Jacksonville State,,,,,,,,,,,,,,,,,,,,,,,,,
high,58,"WR is scarce or format-sensitive in the active league context. | Current rookie projection trust is very low because key rookie inputs are missing. | Missing nflDraftRound/nflDraftOverall, college production, landingSpotRole.",419afa48-41d2-4e21-8156-94862a4d5b04,Bryce Lance,WR,NO,2026,manual,rookie-enrichment,,,,NO,North Dakota State,,,,,,,,,,,,,,,,,,,,,,,,,
high,58,"WR is scarce or format-sensitive in the active league context. | Current rookie projection trust is very low because key rookie inputs are missing. | Missing nflDraftRound/nflDraftOverall, college production, landingSpotRole.",d55834ea-6047-4da7-b4f3-7791f244130d,C.J. Charleston,WR,,2026,manual,rookie-enrichment,,,,,,,,,,,,,,,,,,,,,,,,,,,,,,
high,58,"WR is scarce or format-sensitive in the active league context. | Current rookie projection trust is very low because key rookie inputs are missing. | Missing nflDraftRound/nflDraftOverall, college production, landingSpotRole.",09a1c325-e499-4449-9615-4546d4422257,Caleb Douglas,WR,MIA,2026,manual,rookie-enrichment,,,,MIA,Texas Tech,,,,,,,,,,,,,,,,,,,,,,,,,
high,58,"WR is scarce or format-sensitive in the active league context. | Current rookie projection trust is very low because key rookie inputs are missing. | Missing nflDraftRound/nflDraftOverall, college production, landingSpotRole.",6dd849e5-e771-4e88-9255-b35f91b29eea,Camden Brown,WR,DAL,2026,manual,rookie-enrichment,,,,DAL,Georgia Southern,,,,,,,,,,,,,,,,,,,,,,,,,
high,58,"WR is scarce or format-sensitive in the active league context. | Current rookie projection trust is very low because key rookie inputs are missing. | Missing nflDraftRound/nflDraftOverall, college production, landingSpotRole.",a163e09e-4831-4602-bda3-1ef59edd74c1,Cameron Dorner,WR,NE,2026,manual,rookie-enrichment,,,,NE,North Texas,,,,,,,,,,,,,,,,,,,,,,,,,
high,58,"WR is scarce or format-sensitive in the active league context. | Current rookie projection trust is very low because key rookie inputs are missing. | Missing nflDraftRound/nflDraftOverall, college production, landingSpotRole.",d262e873-1389-4bdb-899d-458eaaf6ee7d,Cameron Ross,WR,DEN,2026,manual,rookie-enrichment,,,,DEN,Virginia,,,,,,,,,,,,,,,,,,,,,,,,,
high,58,"WR is scarce or format-sensitive in the active league context. | Current rookie projection trust is very low because key rookie inputs are missing. | Missing nflDraftRound/nflDraftOverall, college production, landingSpotRole.",f0a50309-dad9-4288-ba08-3642844b395c,Carnell Tate,WR,TEN,2026,manual,rookie-enrichment,,,,TEN,Ohio State,,,,,,,,,,,,,,,,,,,,,,,,,
high,58,"WR is scarce or format-sensitive in the active league context. | Current rookie projection trust is very low because key rookie inputs are missing. | Missing nflDraftRound/nflDraftOverall, college production, landingSpotRole.",10e872cf-502a-4360-a121-bb18489614b7,Caullin Lacy,WR,NYJ,2026,manual,rookie-enrichment,,,,NYJ,Louisville,,,,,,,,,,,,,,,,,,,,,,,,,
high,58,"WR is scarce or format-sensitive in the active league context. | Current rookie projection trust is very low because key rookie inputs are missing. | Missing nflDraftRound/nflDraftOverall, college production, landingSpotRole.",8a8a8c48-ee23-45a7-85f3-267eed3f8d4f,Charles Holland,WR,,2026,manual,rookie-enrichment,,,,,Tiffin,,,,,,,,,,,,,,,,,,,,,,,,,
high,58,"WR is scarce or format-sensitive in the active league context. | Current rookie projection trust is very low because key rookie inputs are missing. | Missing nflDraftRound/nflDraftOverall, college production, landingSpotRole.",4b5bd1b2-585d-4971-9fad-a50a86f3fdaf,Chase Roberts,WR,LV,2026,manual,rookie-enrichment,,,,LV,BYU,,,,,,,,,,,,,,,,,,,,,,,,,
high,58,"WR is scarce or format-sensitive in the active league context. | Current rookie projection trust is very low because key rookie inputs are missing. | Missing nflDraftRound/nflDraftOverall, college production, landingSpotRole.",16c39e22-71f8-4140-aa7d-1338bcc47101,Chris Bell,WR,MIA,2026,manual,rookie-enrichment,,,,MIA,Louisville,,,,,,,,,,,,,,,,,,,,,,,,,
high,58,"WR is scarce or format-sensitive in the active league context. | Current rookie projection trust is very low because key rookie inputs are missing. | Missing nflDraftRound/nflDraftOverall, college production, landingSpotRole.",7b5d1c3c-9389-408f-a394-5b2d5739077c,Chris Brazzell,WR,CAR,2026,manual,rookie-enrichment,,,,CAR,Tennessee,,,,,,,,,,,,,,,,,,,,,,,,,
high,58,"WR is scarce or format-sensitive in the active league context. | Current rookie projection trust is very low because key rookie inputs are missing. | Missing nflDraftRound/nflDraftOverall, college production, landingSpotRole.",b86febb3-1e49-47b0-820c-36830b1c1454,Chris Hilton,WR,WAS,2026,manual,rookie-enrichment,,,,WAS,LSU,,,,,,,,,,,,,,,,,,,,,,,,,
high,58,"WR is scarce or format-sensitive in the active league context. | Current rookie projection trust is very low because key rookie inputs are missing. | Missing nflDraftRound/nflDraftOverall, college production, landingSpotRole.",8698ed88-91d5-411e-8233-1fdfea686c95,CJ Daniels,WR,LAR,2026,manual,rookie-enrichment,,,,LAR,Miami (FL),,,,,,,,,,,,,,,,,,,,,,,,,
high,58,"WR is scarce or format-sensitive in the active league context. | Current rookie projection trust is very low because key rookie inputs are missing. | Missing nflDraftRound/nflDraftOverall, college production, landingSpotRole.",9c2fd383-3838-4fcc-9131-03b8b403a7e7,CJ Williams,WR,JAX,2026,manual,rookie-enrichment,,,,JAX,Stanford,,,,,,,,,,,,,,,,,,,,,,,,,
high,58,"WR is scarce or format-sensitive in the active league context. | Current rookie projection trust is very low because key rookie inputs are missing. | Missing nflDraftRound/nflDraftOverall, college production, landingSpotRole.",c2925496-efd0-45d6-b86f-620c13c6f7e2,Colbie Young,WR,CIN,2026,manual,rookie-enrichment,,,,CIN,Georgia,,,,,,,,,,,,,,,,,,,,,,,,,
high,58,"WR is scarce or format-sensitive in the active league context. | Current rookie projection trust is very low because key rookie inputs are missing. | Missing nflDraftRound/nflDraftOverall, college production, landingSpotRole.",09962f05-1472-4fe4-8db3-ae05f0656ad9,Cortez Braham,WR,BAL,2026,manual,rookie-enrichment,,,,BAL,Memphis,,,,,,,,,,,,,,,,,,,,,,,,,
high,58,"WR is scarce or format-sensitive in the active league context. | Current rookie projection trust is very low because key rookie inputs are missing. | Missing nflDraftRound/nflDraftOverall, college production, landingSpotRole.",c3ea8bec-8076-4ed9-876e-b8770f1226e7,Cyrus Allen,WR,KC,2026,manual,rookie-enrichment,,,,KC,Cincinnati,,,,,,,,,,,,,,,,,,,,,,,,,
high,58,"WR is scarce or format-sensitive in the active league context. | Current rookie projection trust is very low because key rookie inputs are missing. | Missing nflDraftRound/nflDraftOverall, college production, landingSpotRole.",890eb334-72d0-49c6-a57e-09b9e59e6c39,Damien Alford,WR,NO,2026,manual,rookie-enrichment,,,,NO,Utah,,,,,,,,,,,,,,,,,,,,,,,,,
high,58,"WR is scarce or format-sensitive in the active league context. | Current rookie projection trust is very low because key rookie inputs are missing. | Missing nflDraftRound/nflDraftOverall, college production, landingSpotRole.",792211ce-526d-4f32-90da-9db465789a4b,Dane Key,WR,DEN,2026,manual,rookie-enrichment,,,,DEN,Nebraska,,,,,,,,,,,,,,,,,,,,,,,,,
high,58,"WR is scarce or format-sensitive in the active league context. | Current rookie projection trust is very low because key rookie inputs are missing. | Missing nflDraftRound/nflDraftOverall, college production, landingSpotRole.",d937eed7-c29b-43a2-b7cb-3c5e36d98ebd,Daniel Sobkowicz,WR,HOU,2026,manual,rookie-enrichment,,,,HOU,Illinois State,,,,,,,,,,,,,,,,,,,,,,,,,
high,58,"WR is scarce or format-sensitive in the active league context. | Current rookie projection trust is very low because key rookie inputs are missing. | Missing nflDraftRound/nflDraftOverall, college production, landingSpotRole.",38e0ab6b-fbdd-4f8b-a756-74a4e752ea81,De'Zhaun Stribling,WR,SF,2026,manual,rookie-enrichment,,,,SF,Ole Miss,,,,,,,,,,,,,,,,,,,,,,,,,
high,58,"WR is scarce or format-sensitive in the active league context. | Current rookie projection trust is very low because key rookie inputs are missing. | Missing nflDraftRound/nflDraftOverall, college production, landingSpotRole.",7127844c-0fda-4473-b3d7-e105a8164237,Dean Patterson,WR,TB,2026,manual,rookie-enrichment,,,,TB,Georgia Tech,,,,,,,,,,,,,,,,,,,,,,,,,
high,58,"WR is scarce or format-sensitive in the active league context. | Current rookie projection trust is very low because key rookie inputs are missing. | Missing nflDraftRound/nflDraftOverall, college production, landingSpotRole.",06fd04ec-53f9-4875-8ffc-b72d65be03df,Deion Burks,WR,IND,2026,manual,rookie-enrichment,,,,IND,Oklahoma,,,,,,,,,,,,,,,,,,,,,,,,,
high,58,"WR is scarce or format-sensitive in the active league context. | Current rookie projection trust is very low because key rookie inputs are missing. | Missing nflDraftRound/nflDraftOverall, college production, landingSpotRole.",6a179957-f8f0-4193-be2c-e148e5dc0193,DeMeer Blankumsee,WR,,2026,manual,rookie-enrichment,,,,,Memphis,,,,,,,,,,,,,,,,,,,,,,,,,
high,58,"WR is scarce or format-sensitive in the active league context. | Current rookie projection trust is very low because key rookie inputs are missing. | Missing nflDraftRound/nflDraftOverall, college production, landingSpotRole.",dab133d8-1c75-47a6-a47b-f4916c6f1557,Denzel Boston,WR,CLE,2026,manual,rookie-enrichment,,,,CLE,Washington,,,,,,,,,,,,,,,,,,,,,,,,,
high,58,"WR is scarce or format-sensitive in the active league context. | Current rookie projection trust is very low because key rookie inputs are missing. | Missing nflDraftRound/nflDraftOverall, college production, landingSpotRole.",c0d0bc3d-05ef-428b-8e77-195ce52f8b22,Devonte Ross,WR,LAC,2026,manual,rookie-enrichment,,,,LAC,Penn State,,,,,,,,,,,,,,,,,,,,,,,,,
